x_m,tempo_avanco_min,lamina_infiltrada_final_mm
0,0.0,103.074933915
5,0.199386767,102.998841341
10,0.481689389,102.89061545
15,0.8069546,102.765193113
20,1.163691405,102.626720257
25,1.5458205,102.477300604
30,1.94948478,102.318199363
35,2.371984682,102.150242705
40,2.811308942,101.973992472
45,3.265892394,101.789835333
50,3.734477179,101.598032981
55,4.216027039,101.398752272
60,4.709671285,101.192084056
65,5.214666519,100.97805512
70,5.73036951,100.756635633
75,6.256217406,100.527743456
80,6.791712935,100.291246072
85,7.336413093,100.046960598
90,7.889920344,99.794652048
95,8.451875658,99.534029907
100,9.021952936,99.264742909
105,9.599854477,98.986371768
110,10.185307258,98.698419463
115,10.778059856,98.400298465
120,11.377879858,98.091314017
125,11.984551697,97.77064216
130,12.597874791,97.437300625
135,13.217661969,97.090109753
140,13.843738103,96.727639143
145,14.475938932,96.348133311
150,15.11411003,95.949405475
155,15.75810591,95.528681243
160,16.407789234,95.082360122
165,17.06303011,94.605635334
170,17.72370548,94.091853596
175,18.389698566,93.531358702
180,19.060898378,92.909198328
185,19.737199275,92.199939025
190,20.418500568,91.353326101
195,21.104706163,90.237026143
200,21.79572424,87.28887471
