x_m,ta_min,oportunidade_min,infiltracao_mm
0.0,0.0,319.4129470677255,44.52480728929043
0.2,8.105361560783593e-05,319.4128660141099,44.52479960629003
0.4,0.000315348800906461,319.4126317189246,44.524777397653544
0.6,0.0006981199544941342,319.412248947771,44.524741115098166
0.8,0.0012269022854488048,319.41172016544004,44.52469099224333
1.0,0.0019,319.4110470677255,44.524627189810126
1.2,0.0027161193105038374,319.410230948415,44.5245498304082
1.4,0.0036742148734021343,319.4092728528521,44.524459013091835
1.6,0.00477341031173288,319.4081736574138,44.52435482089369
1.8,0.006012951639578373,319.4069341160859,44.52423732523964
2.0,0.00739217760033337,319.4055548901252,44.524106588760525
2.2,0.008910499606649082,319.40403656811884,44.523962667193615
2.4,0.010567387540494412,319.402379680185,44.5238056107287
2.6,0.012362359333813898,319.4005847083917,44.523635464995735
2.8,0.01429497309788156,319.3986520946276,44.52345227181093
3.0,0.016364821033481716,319.396582246692,44.52325606975406
3.2,0.018571524622943224,319.39437554310257,44.52304689462422
3.4,0.02091473076832516,319.3920323369572,44.522824779805894
3.6,0.023394108643146873,319.3895529590823,44.522589756567434
3.8,0.02600934709235766,319.3869377206331,44.52234185430751
4.0,0.028760152460458117,319.38418691526505,44.52208110076104
4.2,0.03164624675883296,319.38130082096666,44.521807522172885
4.4,0.03466736610528982,319.3782797016202,44.52152114344582
4.6,0.03782325938454907,319.37512380834096,44.521221988267484
4.8,0.04111368708993933,319.37183338063556,44.520910079220236
5.0,0.044538420315095736,319.3684086474104,44.52058543787673
5.2,0.04809723987089014,319.3648498278546,44.52024808488364
5.4,0.0517899355077266,319.3611571322178,44.51989804003538
5.6,0.0556163052271201,319.35733076249835,44.51953532233938
5.8,0.05957615466942825,319.3533709130561,44.51915995007415
6.0,0.06366929656693049,319.34927777115854,44.518771940841106
6.2,0.06789555025329806,319.3450515174722,44.51837131161113
6.4,0.07225474122197922,319.34069232650353,44.517958078766405
6.6,0.07674670072722181,319.3362003669983,44.51753225813823
6.8,0.08137126542242966,319.33157580230306,44.51709386504136
7.0,0.08612827703134765,319.3268187906942,44.516642914305166
7.2,0.09101758204822927,319.3219294856773,44.51617942030202
7.4,0.0960390314636868,319.3169080362618,44.51570339697337
7.6,0.10119248051338008,319.31175458721214,44.51521485785355
7.8,0.10647778844708246,319.3064692792784,44.51471381609162
8.0,0.1118948183159848,319.3010522494095,44.51420028447161
8.2,0.11744343677637155,319.2955036309491,44.51367427543111
8.4,0.12312351390803553,319.2898235538175,44.51313580107847
8.6,0.12893492304599544,319.2840121446795,44.51258487320881
8.8,0.13487754062425247,319.27806952710125,44.512021503318806
9.0,0.1409512460304661,319.27199582169504,44.51144570262045
9.2,0.14715592147055923,319.2657911462549,44.51085748205396
9.4,0.15349145184236934,319.25945561588316,44.5102568522997
9.6,0.15995772461756042,319.2529893431079,44.509643823789396
9.8,0.16655462973109317,319.2463924379944,44.50901840671667
10.0,0.17328205947762285,319.23966500824787,44.50838061104678
10.2,0.1801399084142604,319.2328071593112,44.507730446525926
10.4,0.18712807326918693,319.2258189944563,44.50706792268985
10.6,0.1942464528556623,319.2187006148698,44.50639304887207
10.8,0.20149494799101392,319.2114521197345,44.5057058342115
11.0,0.20887346142022736,319.20407360630526,44.505006287659704
11.2,0.21638189774380048,319.1965651699817,44.5042944179878
11.4,0.224020163349548,319.18892690437593,44.503570233792864
11.6,0.23178816634807567,319.18115890137744,44.5028337435041
11.8,0.2396858165116662,319.17326125121383,44.50208495538857
12.0,0.24771302521633998,319.16523404250916,44.501323877556786
12.2,0.2558697053868767,319.1570773623386,44.50055051796785
12.4,0.2641557714445993,319.1487912962809,44.49976488443448
12.6,0.27257113925773796,319.14037592846773,44.49896698462761
12.8,0.28111572609421,319.1318313416313,44.49815682608101
13.0,0.289789450576658,319.1231576171488,44.49733441619542
13.2,0.2985922326396093,319.11435483508586,44.49649976224272
13.4,0.3075239934886218,319.10542307423685,44.49565287136976
13.6,0.3165846555612978,319.0963624121642,44.49479375060204
13.8,0.3257741424900545,319.08717292523545,44.4939224068473
14.0,0.3350923790665448,319.07785468865893,44.493038846898834
14.2,0.34453929120763627,319.06840777651786,44.49214307743879
14.4,0.35411480592285527,319.05883226180265,44.49123510504118
14.6,0.3638188512832159,319.0491282164423,44.49031493617491
14.8,0.37365135639135644,319.03929571133415,44.48938257720656
15.0,0.3836122513529095,319.02933481637257,44.48843803440316
15.2,0.3937014672490417,319.01924560047644,44.487481313934744
15.4,0.40391893611009805,319.0090281316154,44.48651242187686
15.6,0.4142645908902938,318.9986824768352,44.48553136421299
15.8,0.4247383654433994,318.9882087022821,44.484538146836876
16.0,0.43534019449936573,318.97760687322614,44.483532775554686
16.2,0.44607001364184506,318.9668770540836,44.482515256087204
16.4,0.456927759286559,318.95601930843895,44.48148559407184
16.6,0.4679133686604741,318.94503369906505,44.48044379506464
16.8,0.47902677978174435,318.93392028794375,44.47938986454215
17.0,0.4902679314403848,318.9226791362851,44.47832380790331
17.2,0.501636763179639,318.91131030454585,44.47724563047117
17.4,0.5131332152780101,318.8998138524475,44.47615533749463
17.6,0.5247572287319228,318.8881898389936,44.47505293415007
17.8,0.5365087452389864,318.87643832248654,44.47393842554293
18.0,0.5483877071818365,318.86455936054364,44.47281181670928
18.2,0.5603940576125208,318.85255301011296,44.47167311261726
18.4,0.5725277402374128,318.84041932748806,44.470522318168555
18.6,0.5847886994026248,318.8281583683229,44.46935943819975
18.8,0.5971768800799004,318.81577018764557,44.46818447748366
19.0,0.6096922278529676,318.8032548398725,44.46699744073068
19.2,0.6223346889043282,318.79061237882115,44.46579833258997
19.4,0.6351042100024691,318.77784285772304,44.46458715765073
19.6,0.6480007384894764,318.764946329236,44.46336392044336
19.8,0.6610242222690348,318.7519228454565,44.462128625440556
20.0,0.674174609794799,318.7387724579307,44.46088127705847
20.2,0.6874518500591188,318.7254952176664,44.45962187965777
20.4,0.7008558925821056,318.71209117514337,44.45835043754465
20.6,0.7143866874010265,318.69856038032447,44.45706695497188
20.8,0.7280441850600132,318.6849028826655,44.45577143613975
21.0,0.7418283366000727,318.67111873112543,44.45446388519701
21.2,0.7557390935493888,318.6572079741761,44.453144306241846
21.4,0.7697764079139028,318.6431706598116,44.45181270332272
21.6,0.7839402321681632,318.62900683555733,44.45046908043928
21.8,0.7982305192464342,318.61471654847907,44.44911344154314
22.0,0.8126472225340531,318.60029984519144,44.447745790538804
22.2,0.8271902958590284,318.58575677186644,44.446366131284364
22.4,0.8418596934838671,318.57108737424164,44.44497446759234
22.6,0.8566553700976279,318.55629169762784,44.44357080323039
22.8,0.8715772808081849,318.5413697869173,44.4421551419221
23.0,0.886625381134703,318.5263216865908,44.44072748734765
23.2,0.9017996270003106,318.5111474407252,44.43928784314452
23.4,0.917099974724964,318.4958470930005,44.43783621290819
23.6,0.9325263810185017,318.480420686707,44.43637260019279
23.8,0.9480788029738736,318.4648682647516,44.43489700851172
24.0,0.963757198060549,318.44918986966496,44.43340944133832
24.2,0.9795615241180883,318.4333855436074,44.431909902106426
24.4,0.9954917393498781,318.41745532837564,44.43039839421102
24.6,1.0115478023170241,318.4013992654085,44.428874921008784
24.8,1.0277296719323936,318.3852173957931,44.427339485818656
25.0,1.0440373074548066,318.3689097602707,44.425792091922396
25.2,1.0604706684833674,318.3524763992421,44.42423274256513
25.4,1.0770297149519343,318.33591735277355,44.422661440955885
25.6,1.093714407123721,318.31923266060176,44.42107819026805
25.8,1.1105247055860277,318.30242236213945,44.41948299363991
26.0,1.1274605712450978,318.2854864964804,44.41787585417518
26.2,1.144521965321092,318.2684251024044,44.416256774943406
26.4,1.1617088493431846,318.2512382183823,44.414625758980456
26.6,1.179021185144767,318.2339258825807,44.412982809289005
26.8,1.196458934858766,318.21648813286674,44.411327928838965
27.0,1.2140220609130674,318.19892500681243,44.40966112056788
27.2,1.2317105260260426,318.18123654169943,44.40798238738141
27.4,1.2495242932021748,318.1634227745233,44.406291732153726
27.6,1.2674633257277852,318.14548374199774,44.40458915772788
27.8,1.2855275871668497,318.1274194805587,44.402874666916254
28.0,1.303717041356911,318.1092300263686,44.40114826250093
28.2,1.32203165240508,318.0909154153204,44.39940994723406
28.4,1.3404713846841183,318.0724756830414,44.39765972383825
28.6,1.3590362028286131,318.05391086489686,44.395897595006915
28.8,1.3777260717312259,318.0352209959943,44.39412356340464
29.0,1.3965409565390257,318.0164061111865,44.39233763166752
29.2,1.415480822649898,317.9974662450756,44.39053980240353
29.4,1.4345456357090274,317.9784014320165,44.38873007819281
29.6,1.4537353616054558,317.95921170612,44.38690846158803
29.8,1.4730499664687078,317.9398971012568,44.38507495511472
30.0,1.4924894166654907,317.92045765106,44.38322956127153
30.2,1.5120536787964547,317.90089338892903,44.38137228253057
30.4,1.5317427196930251,317.8812043480325,44.37950312133776
30.6,1.5515565064142944,317.8613905613112,44.37762208011302
30.8,1.571495006243975,317.8414520614815,44.37572916125064
31.0,1.5915581866874176,317.8213888810381,44.37382436711955
31.2,1.6117460154686827,317.80120105225683,44.37190770006356
31.4,1.6320584605276731,317.7808886071978,44.36997916240167
31.6,1.6524954900173188,317.7604515777082,44.36803875642835
31.8,1.6730570723008196,317.7398899954247,44.36608648441374
32.0,1.693743175948939,317.71920389177654,44.36412234860396
32.2,1.714553769737349,317.69839329798816,44.36214635122137
32.4,1.7354888226440253,317.6774582450815,44.36015849446473
32.6,1.7565483038466954,317.6563987638788,44.358158780509584
32.8,1.777732182720326,317.63521488500515,44.356147211508365
33.0,1.7990404288346677,317.61390663889085,44.35412378959071
33.2,1.8204730119518353,317.59247405577366,44.35208851686364
33.4,1.8420299020239383,317.57091716570153,44.35004139541183
33.6,1.8637110691907561,317.54923599853475,44.34798242729781
33.8,1.885516483777447,317.52743058394805,44.34591161456214
34.0,1.9074461162923098,317.5055009514332,44.34382895922371
34.2,1.9294999374245756,317.48344713030093,44.341734463279856
34.4,1.9516779180422437,317.46126914968323,44.33962812870664
34.6,1.9739800291899599,317.43896703853557,44.33750995745903
34.8,1.9964062420869195,317.4165408256386,44.33537995147103
35.0,2.018956528124825,317.3939905396007,44.33323811265602
35.2,2.04163085886586,317.37131620885964,44.33108444290678
35.4,2.0644292060407126,317.3485178616848,44.328918944095804
35.6,2.08735154154663,317.32559552617886,44.32674161807543
35.8,2.1103978374455004,317.30254923028,44.32455246667802
36.0,2.1335680659619722,317.2793790017635,44.322351491716155
36.2,2.156862199481606,317.2560848682439,44.3201386949828
36.4,2.180280210549055,317.23266685717647,44.3179140782515
36.6,2.203822071866279,317.2091249958592,44.31567764327648
36.8,2.227487756290782,317.1854593114347,44.31342939179291
37.0,2.2512772368338876,317.1616698308916,44.31116932551698
37.2,2.2751904866590356,317.13775658106647,44.30889744614614
37.4,2.299227479080109,317.1137195886454,44.30661375535917
37.6,2.323388187559793,317.0895588801657,44.30431825481643
37.8,2.3476725857079495,317.06527448201757,44.30201094615992
38.0,2.37208064728003,317.04086642044547,44.29969183101351
38.2,2.396612346175505,317.01633472155,44.29736091098304
38.4,2.421267656436322,316.99167941128917,44.29501818765649
38.6,2.4460465522453925,316.9669005154801,44.292663662604106
38.8,2.470949007925091,316.9419980598004,44.290297337378554
39.0,2.4959749979357917,316.9169720697897,44.28791921351503
39.2,2.5211244968744153,316.8918225708511,44.28552929253147
39.4,2.546397479473008,316.8665495882525,44.28312757592859
39.6,2.57179392059734,316.8411531471282,44.28071406519008
39.8,2.5973137952455176,316.81563327248,44.27828876178272
40.0,2.6229570785466336,316.7899899891789,44.27585166715649
40.2,2.6487237457594177,316.7642233219661,44.27340278274473
40.4,2.6746137722709222,316.7383332954546,44.27094210996425
40.6,2.7006271335952277,316.7123199341303,44.26846965021543
40.8,2.726763805372153,316.6861832623533,44.26598540488237
41.0,2.753023763366005,316.6599233043595,44.263489375333
41.2,2.7794069834643294,316.63354008426114,44.260981562919184
41.4,2.8059134416766907,316.6070336260488,44.25846196897687
41.6,2.8325431141334696,316.58040395359205,44.25593059482614
41.8,2.859295977084668,316.5536510906408,44.2533874417714
42.0,2.8861720068987475,316.52677506082676,44.25083251110144
42.2,2.913171180061469,316.49977588766404,44.24826580408955
42.4,2.9402934731747563,316.47265359455076,44.245687321993614
42.6,2.9675388629555837,316.44540820476993,44.24309706605628
42.8,2.9949073262348604,316.41803974149065,44.24049503750496
43.0,3.022398839956352,316.39054822776916,44.23788123755204
43.2,3.050013381175599,316.3629336865499,44.23525566739488
43.4,3.077750927058863,316.33519614066665,44.232618328216006
43.6,3.1056114548820872,316.3073356128434,44.22996922118313
43.8,3.133594942029857,316.27935212569565,44.22730834744931
44.0,3.1617013659943973,316.2512457017311,44.22463570815299
44.2,3.1899307043745653,316.22301636335095,44.22195130441815
44.4,3.2182829348748645,316.1946641328506,44.21925513735432
44.6,3.2467580353044765,316.166189032421,44.216547208056774
44.8,3.2753559835762944,316.1375910841492,44.21382751760654
45.0,3.304076757705983,316.10887031001954,44.21109606707051
45.2,3.332920335811041,316.0800267319145,44.208352857501524
45.4,3.3618866961098774,316.0510603716156,44.20559788993849
45.6,3.3909758169209114,316.0219712508046,44.20283116540642
45.8,3.4201876766616652,315.9927593910638,44.20005268491656
46.0,3.449522253847889,315.9634248138776,44.19726244946641
46.2,3.4789795270926795,315.9339675406328,44.19446046003988
46.4,3.508559475105623,315.90438759261986,44.19164671760732
46.6,3.5382620766919466,315.8746849910336,44.188821223125615
46.8,3.5680873107516726,315.84485975697385,44.185983977538264
47.0,3.5980351562788004,315.8149119114467,44.18313498177546
47.2,3.6281055923604786,315.784841475365,44.180274236754144
47.4,3.6582985981762026,315.7546484695493,44.17740174337813
47.6,3.688614152997023,315.72433291472845,44.17451750253811
47.8,3.719052236184748,315.6938948315408,44.171621515111795
48.0,3.74961282719118,315.6633342405343,44.16871378196393
48.2,3.780295905557339,315.63265116216814,44.16579430394643
48.4,3.8111014509127097,315.6018456168128,44.16286308189836
48.6,3.8420294429744968,315.570917624751,44.1599201166461
48.8,3.873079861546881,315.5398672061786,44.15696540900334
49.0,3.9042526865202984,315.5086943812052,44.15399895977121
49.2,3.9355478978707126,315.4773991698548,44.15102076973828
49.4,3.966965475658908,315.4459815920666,44.148030839680686
49.6,3.998505400029791,315.4144416676957,44.14502917036216
49.8,4.030167651211689,315.3827794165138,44.14201576253408
50.0,4.061952209515676,315.35099485820984,44.13899061693559
50.2,4.093859055334884,315.31908801239064,44.13595373429363
50.4,4.125888169143844,315.2870588985817,44.13290511532297
50.6,4.158039531497823,315.2549075362277,44.12984476072631
50.8,4.19031312303217,315.2226339446933,44.12677267119434
51.0,4.222708924461674,315.1902381432638,44.123688847405774
51.2,4.255226916579928,315.15772015114555,44.120593290027415
51.4,4.287867080258692,315.1250799874668,44.11748599971424
51.6,4.320629396447287,315.09231767127824,44.11436697710944
51.8,4.353513846171961,315.05943322155355,44.11123622284444
52.0,4.3865204105353035,315.0264266571902,44.10809373753901
52.2,4.419649070715623,314.99329799700985,44.10493952180131
52.4,4.452899807966371,314.9600472597591,44.10177357622792
52.6,4.486272603615548,314.92667446410996,44.09859590140391
52.8,4.519767439065128,314.8931796286604,44.09540649790288
53.0,4.553384295790481,314.85956277193503,44.09220536628704
53.2,4.587123155339815,314.82582391238566,44.08899250710722
53.4,4.620983999333603,314.7919630683919,44.08576792090298
53.6,4.654966809464048,314.75798025826145,44.08253160820261
53.8,4.689071567494517,314.723875500231,44.07928356952317
54.0,4.7232982552590155,314.6896488124665,44.07602380537061
54.2,4.757646854661646,314.65530021306387,44.072752316239736
54.4,4.792117347676076,314.6208297200494,44.06946910261432
54.6,4.826709716345025,314.5862373513805,44.06617416496712
54.8,4.861423942779739,314.55152312494573,44.06286750375992
55.0,4.896260009159484,314.516687058566,44.05954911944361
55.2,4.931217897731038,314.4817291699945,44.05621901245817
55.4,4.966297590808192,314.4466494769173,44.052877183232795
55.6,5.001499070771257,314.4114479969542,44.049523632185874
55.8,5.036822320066573,314.37612474765893,44.046158359725084
56.0,5.072267321206027,314.34067974651947,44.042781366247375
56.2,5.107834056766573,314.3051130109589,44.03939265213907
56.4,5.143522509389759,314.26942455833574,44.03599221777589
56.6,5.179332661781262,314.23361440594425,44.032580063522985
56.8,5.215264496710418,314.1976825710151,44.02915618973498
57.0,5.2513179970097745,314.1616290707157,44.025720596756
57.2,5.287493145574628,314.1254539221509,44.02227328491977
57.4,5.323789925362576,314.0891571423629,44.01881425454959
57.6,5.36020831939308,314.05273874833244,44.0153435059584
57.8,5.396748310747023,314.0161987569785,44.011861039448824
58.0,5.433409882566276,313.97953718515924,44.0083668553132
58.2,5.470193018053262,313.94275404967226,44.004860953833635
58.4,5.507097700470541,313.905849367255,44.001343335282
58.6,5.544123913140382,313.86882315458513,43.997813999920034
58.8,5.58127163944435,313.83167542828113,43.99427294799932
59.0,5.618540862822895,313.7944062049026,43.99072017976137
59.2,5.655931566774938,313.75701550095056,43.98715569543761
59.4,5.69344373485747,313.71950333286804,43.98357949524946
59.6,5.731077350685161,313.68186971704034,43.97999157940835
59.8,5.768832397929948,313.64411466979556,43.97639194811577
60.0,5.806708860320661,313.60623820740483,43.97278060156327
60.2,5.844706721642625,313.56824034608286,43.96915753993255
60.4,5.882825965737274,313.53012110198824,43.96552276339543
60.6,5.921066576501783,313.4918804912237,43.961876272113926
60.8,5.959428537888682,313.4535185298368,43.95821806624028
61.0,5.99791183390549,313.41503523382,43.954548145916974
61.2,6.036516448614339,313.37643061911115,43.950866511276786
61.4,6.075242366131619,313.3377047015939,43.9471731624428
61.6,6.114089570627611,313.2988574970979,43.943468099528445
61.8,6.153058046326128,313.2598890213994,43.93975132263753
62.0,6.192147777504171,313.22079929022135,43.936022831864285
62.2,6.231358748491561,313.1815883192339,43.932282627293354
62.4,6.270690943670609,313.1422561240549,43.9285307089999
62.6,6.310144347475767,313.1028027202497,43.92476707704952
62.8,6.3497189443932776,313.06322812333224,43.9209917314984
63.0,6.389414718960855,313.02353234876466,43.91720467239325
63.2,6.429231655767337,312.98371541195814,43.91340589977138
63.4,6.469169739452357,312.94377732827314,43.90959541366071
63.6,6.509228954706025,312.90371811301947,43.90577321407982
63.8,6.549409286268589,312.8635377814569,43.90193930103796
64.0,6.589710718930131,312.8232363487954,43.89809367453506
64.2,6.630133237530232,312.78281383019527,43.8942363345618
64.4,6.670676826957668,312.7422702407678,43.890367281099614
64.6,6.7113414721500915,312.7016055955754,43.886486514120705
64.8,6.752127158093735,312.66081990963175,43.88259403358809
65.0,6.793033869823083,312.6199131979024,43.87868983945563
65.2,6.8340615924205865,312.5788854753049,43.87477393166804
65.4,6.875210311016358,312.53773675670914,43.870846310160914
65.6,6.916480010787865,312.4964670569376,43.86690697486077
65.8,6.9578706769596534,312.45507639076584,43.862955925685064
66.0,6.999382294803037,312.4135647729225,43.8589931625422
66.2,7.0410148496358165,312.3719322180897,43.85501868533157
66.4,7.08276832682199,312.33017874090353,43.85103249394359
66.6,7.124642711771468,312.28830435595404,43.84703458825971
66.8,7.1666379899398045,312.24630907778567,43.84302496815241
67.0,7.208754146827895,312.2041929208976,43.8390036334853
67.2,7.250991167981717,312.16195589974376,43.83497058411304
67.4,7.29334903899205,312.11959802873344,43.83092581988146
67.6,7.335827745494201,312.0771193222313,43.82686934062752
67.8,7.378427273167748,312.03451979455775,43.82280114617936
68.0,7.42114760773626,311.99179945998924,43.81872123635632
68.2,7.463988734967032,311.9489583327585,43.81462961096893
68.4,7.506950640670834,311.9059964270547,43.81052626981901
68.6,7.550033310701641,311.8629137570239,43.80641121269958
68.8,7.59323673095639,311.8197103367691,43.80228443939499
69.0,7.636560887374701,311.7763861803508,43.798145949680865
69.2,7.680005765938648,311.73294130178687,43.79399574332417
69.4,7.723571352672494,311.689375715053,43.789833820083196
69.6,7.767257633642446,311.64568943408307,43.78566017970761
69.8,7.8110645949564175,311.6018824727691,43.781474821938474
70.0,7.8549922227637685,311.5579548449617,43.77727774650823
70.2,7.899040503255075,311.5139065644704,43.77306895314077
70.4,7.943209422661889,311.4697376450636,43.7688484415514
70.6,7.987498967256486,311.425448100469,43.76461621144691
70.8,8.031909123351662,311.3810379443738,43.76037226252558
71.0,8.07643987730046,311.33650719042504,43.75611659447716
71.2,8.121091215495964,311.29185585222956,43.751849206982946
71.4,8.16586312437106,311.2470839433544,43.74757009971575
71.6,8.210755590398215,311.2021914773273,43.74327927233997
71.8,8.255768600089247,311.15717846763624,43.738976724511545
72.0,8.300902139995094,311.1120449277304,43.73466245587802
72.2,8.346156196705605,311.0667908710199,43.730336466078576
72.4,8.391530756849312,311.0214163108762,43.725998754743955
72.6,8.43702580709321,310.9759212606323,43.721649321496606
72.8,8.482641334142553,310.93030573358294,43.71728816595062
73.0,8.52837732474062,310.88456974298487,43.71291528771176
73.2,8.57423376566852,310.838713302057,43.70853068637748
73.4,8.620210643744967,310.79273642398056,43.70413436153695
73.6,8.66630794582608,310.7466391218994,43.69972631277107
73.8,8.712525658805179,310.7004214089203,43.69530653965248
74.0,8.75886376961256,310.65408329811294,43.690875041745585
74.2,8.805322265215313,310.6076248025102,43.68643181860656
74.4,8.851901132617105,310.5610459351084,43.68197686978338
74.6,8.89860035885798,310.5143467088675,43.6775101948158
74.8,8.94541993101418,310.46752713671134,43.67303179323544
75.0,8.992359836197915,310.4205872315276,43.668541664565716
75.2,9.039420061557182,310.37352700616833,43.66403980832192
75.4,9.086600594275588,310.3263464734499,43.65952622401118
75.6,9.13390142157212,310.27904564615335,43.65500091113256
75.8,9.181322530700992,310.2316245370245,43.65046386917697
76.0,9.22886390895143,310.18408315877406,43.64591509762724
76.2,9.276525543647493,310.136421524078,43.64135459595814
76.4,9.324307422147879,310.08863964557764,43.63678236363636
76.6,9.372209531845751,310.04073753587977,43.63219840012055
76.8,9.420231860168553,309.99271520755696,43.627602704861324
77.0,9.468374394577815,309.94457267314766,43.62299527730127
77.2,9.516637122568978,309.89630994515653,43.618376116874984
77.4,9.56502003167122,309.8479270360543,43.61374522300903
77.6,9.613523109447273,309.7994239582782,43.609102595122046
77.8,9.662146343493252,309.75080072423225,43.60444823262465
78.0,9.710889721438466,309.702057346287,43.59978213491951
78.2,9.759753230945263,309.65319383678025,43.59510430140138
78.4,9.808736859708837,309.60421020801664,43.59041473145706
78.6,9.857840595457073,309.55510647226845,43.585713424465446
78.8,9.90706442595038,309.5058826417751,43.58100037979749
79.0,9.956408338981502,309.456538728744,43.57627559681631
79.2,10.005872322375364,309.40707474535014,43.57153907487707
79.4,10.055456363988913,309.3574907037366,43.566790813327124
79.6,10.105160451710931,309.30778661601454,43.56203081150592
79.8,10.154984573461906,309.2579624942636,43.557259068745104
80.0,10.204928717193832,309.2080183505317,43.55247558436843
80.2,10.254992870890073,309.1579541968354,43.54768035769187
80.4,10.305177022565193,309.1077700451603,43.54287338802355
80.6,10.355481160264798,309.0574659074607,43.53805467466383
80.8,10.405905272065393,309.0070417956601,43.53322421690524
81.0,10.456449346074203,308.9564977216513,43.52838201403254
81.2,10.50711337042903,308.9058336972965,43.52352806532271
81.4,10.557897333298099,308.8550497344274,43.51866237004498
81.6,10.6088012228799,308.8041458448456,43.51378492746083
81.8,10.659825027403054,308.75312204032247,43.508895736824
82.0,10.710968735126134,308.70197833259937,43.50399479738048
82.2,10.762232334337542,308.65071473338793,43.49908210836854
82.4,10.813615813355344,308.59933125437016,43.49415766901876
82.6,10.865119160527128,308.5478279071984,43.489221478554015
82.8,10.916742364229867,308.4962047034956,43.484273536189455
83.0,10.968485412869757,308.44446165485573,43.47931384113259
83.2,11.020348294882085,308.3925987728434,43.47434239258322
83.4,11.072330998731085,308.3406160689944,43.46935918973349
83.6,11.124433512909789,308.2885135548157,43.46436423176792
83.8,11.176655825939905,308.2362912417856,43.459357517863324
84.0,11.228997926371648,308.1839491413539,43.45433904718895
84.2,11.281459802783628,308.1314872649419,43.449308818906346
84.4,11.334041443782695,308.0789056239428,43.44426683216948
84.6,11.386742838003808,308.0262042297217,43.439213086124724
84.8,11.439563974109916,307.97338309361555,43.43414757991078
85.0,11.492504840791788,307.9204422269337,43.429070312658816
85.2,11.545565426767908,307.8673816409576,43.42398128349239
85.4,11.59874572078433,307.81420134694116,43.41888049152748
85.6,11.652045711614548,307.76090135611094,43.4137679358725
85.8,11.705465388059373,307.7074816796661,43.408643615628286
86.0,11.759004738946793,307.6539423287787,43.403507529888145
86.2,11.81266375313184,307.60028331459364,43.398359677737794
86.4,11.866442419496478,307.546504648229,43.393200058255445
86.6,11.920340726949455,307.49260634077604,43.388028670511765
86.8,11.974358664426207,307.43858840329926,43.38284551356989
87.0,12.028496220888696,307.3844508468368,43.37765058648544
87.2,12.082753385325312,307.3301936824002,43.372443888306535
87.4,12.137130146750733,307.27581692097476,43.36722541807376
87.6,12.191626494205817,307.2213205735197,43.361995174820244
87.8,12.24624241675747,307.16670465096803,43.35675315757158
88.0,12.300977903498527,307.111969164227,43.35149936534592
88.2,12.355832943547629,307.0571141241779,43.3462337971539
88.4,12.41080752604911,307.0021395416764,43.340956451998714
88.6,12.465901640172868,306.9470454275526,43.33566732887606
88.8,12.521115275114267,306.89183179261124,43.33036642677423
89.0,12.576448420093994,306.8364986476315,43.325053744673994
89.2,12.631901064357963,306.7810460033675,43.31972928154873
89.4,12.687473197177184,306.7254738705483,43.31439303636436
89.6,12.743164807847661,306.6697822598778,43.30904500807935
89.8,12.798975885690277,306.61397118203524,43.30368519564478
90.0,12.854906420050673,306.55804064767483,43.29831359800427
90.2,12.910956400299137,306.50199066742636,43.292930214094035
90.4,12.9671258158305,306.445821251895,43.28753504284289
90.6,13.023414656064013,306.3895324116615,43.28212808317223
90.8,13.07982291044326,306.3331241572822,43.27670933399606
91.0,13.136350568436017,306.2765964992895,43.271278794220976
91.2,13.192997619534163,306.21994944819136,43.26583646274619
91.4,13.249764053253573,306.16318301447194,43.26038233846354
91.6,13.306649859133994,306.1062972085915,43.25491642025747
91.8,13.363655026738973,306.04929204098653,43.249438707005055
92.0,13.420779545655707,305.9921675220698,43.243949197576
92.2,13.47802340549497,305.9349236622305,43.238447890832646
92.4,13.535386595890992,305.8775604718345,43.23293478562997
92.6,13.592869106501364,305.8200779612241,43.22740988081559
92.8,13.650470927006943,305.76247614071855,43.221873175229796
93.0,13.708192047111721,305.7047550206138,43.21632466770549
93.2,13.766032456542757,305.64691461118275,43.210764357068264
93.4,13.823992145050049,305.58895492267544,43.20519224213637
93.6,13.882071102406446,305.53087596531907,43.1996083217207
93.8,13.94026931840756,305.47267774931794,43.19401259462486
94.0,13.998586782871644,305.41436028485384,43.18840505964508
94.2,14.057023485639503,305.355923582086,43.182785715570304
94.4,14.1155794165744,305.2973676511511,43.17715456118215
94.6,14.174254565561952,305.23869250216353,43.17151159525491
94.8,14.233048922510049,305.1798981452155,43.16585681655559
95.0,14.291962477348733,305.1209845903768,43.16019022384386
95.2,14.350995220030125,305.06195184769535,43.1545118158721
95.4,14.410147140528315,305.0027999271972,43.1488215913854
95.6,14.469418228839274,304.9435288388862,43.143119549121536
95.8,14.528808474980776,304.8841385927447,43.137405687811004
96.0,14.588317868992274,304.82462919873325,43.13168000617701
96.2,14.647946400934828,304.7650006667907,43.12594250293546
96.4,14.707694060891008,304.7052530068345,43.12019317679499
96.6,14.767560838964805,304.6453862287607,43.11443202645697
96.8,14.827546725281547,304.58540034244396,43.108659050615444
97.0,14.88765170998779,304.5252953577377,43.10287424795724
97.2,14.947875783251247,304.4650712844743,43.09707761716187
97.4,15.008218935260688,304.4047281324648,43.09126915690161
97.6,15.068681156225855,304.34426591149963,43.085448865841435
97.8,15.129262436377385,304.28368463134814,43.0796167426391
98.0,15.1899627659667,304.2229843017588,43.073772785945046
98.2,15.250782135265942,304.1621649324596,43.06791699440251
98.4,15.311720534567874,304.1012265331576,43.062049366647436
98.6,15.372777954185795,304.0401691135397,43.05616990130853
98.8,15.433954384453468,303.97899268327205,43.050278597007235
99.0,15.49524981572502,303.9176972520005,43.044375452357755
99.2,15.556664238374863,303.8562828293506,43.03846046596704
99.4,15.618197642797611,303.7947494249279,43.03253363643481
99.6,15.679850019407999,303.7330970483175,43.026594962353535
99.8,15.741621358640803,303.67132570908467,43.02064444230841
100.0,15.803511650950748,303.6094354167748,43.01468207487745
100.2,15.86552088681243,303.5474261809131,43.00870785863138
100.4,15.927649056720243,303.4852980110052,43.00272179213373
100.6,15.989896151188287,303.4230509165372,42.99672387394077
100.8,16.052262160750306,303.36068490697517,42.99071410260154
101.0,16.11474707595958,303.2981999917659,42.98469247665785
101.2,16.17735088738888,303.23559618033664,42.978658994644306
101.4,16.240073585630345,303.17287348209516,42.97261365508823
101.6,16.30291516129546,303.11003190643004,42.96655645650978
101.8,16.36587560501493,303.04707146271056,42.96048739742183
102.0,16.428954907438634,302.98399216028685,42.95440647633008
102.2,16.492153059235523,302.92079400848996,42.94831369173297
102.4,16.555470051093565,302.85747701663195,42.94220904212175
102.6,16.618905873719655,302.79404119400584,42.936092525980406
102.8,16.68246051783955,302.73048654988594,42.92996414178575
103.0,16.7461339741978,302.6668130935277,42.923823888007334
103.2,16.80992623355764,302.60302083416786,42.91767176310752
103.4,16.873837286700958,302.53910978102454,42.911507765541444
103.6,16.937867124428188,302.4750799432973,42.90533189375701
103.8,17.002015737558263,302.4109313301672,42.89914414619492
104.0,17.06628311692853,302.34666395079694,42.892944521288655
104.2,17.13066925339467,302.2822778143308,42.8867330174645
104.4,17.195174137830644,302.21777292989486,42.88050963314148
104.6,17.2597977611286,302.1531493065969,42.874274366731456
104.8,17.324540114198825,302.08840695352666,42.86802721663903
105.0,17.38940118796966,302.02354587975583,42.86176818126162
105.2,17.454380973387433,301.95856609433804,42.85549725898941
105.4,17.51947946141639,301.8934676063091,42.849214448205394
105.6,17.58469664303861,301.82825042468687,42.84291974728532
105.8,17.65003250925398,301.7629145584715,42.83661315459776
106.0,17.71548705108007,301.69746001664544,42.83029466850403
106.2,17.781060259552113,301.63188680817336,42.823964287358265
106.4,17.8467521257229,301.5661949420026,42.817622009507375
106.6,17.912562640662728,301.5003844270628,42.81126783329105
106.8,17.978491795459355,301.4344552722661,42.80490175704176
107.0,18.04453958121789,301.36840748650764,42.798523779084796
107.2,18.11070598906075,301.30224107866474,42.792133897738175
107.4,18.176991010127608,301.2359560575979,42.785732111312754
107.6,18.24339463557529,301.1695524321502,42.77931841811213
107.8,18.309916856577757,301.1030302111477,42.77289281643272
108.0,18.37655766432599,301.0363894033995,42.7664553045637
108.2,18.443317050027975,300.9696300176975,42.76000588078703
108.4,18.510195004908596,300.9027520628169,42.75354454337745
108.6,18.57719152020959,300.83575554751593,42.747071290602484
108.8,18.644306587189497,300.768640480536,42.74058612072245
109.0,18.71154019712358,300.70140687060194,42.73408903199041
109.2,18.778892341303752,300.63405472642177,42.72758002265223
109.4,18.84636301103854,300.56658405668696,42.72105909094656
109.6,18.91395219765301,300.49899487007247,42.714526235104785
109.8,18.981659892488704,300.4312871752368,42.70798145335111
110.0,19.049486086903574,300.3634609808219,42.70142474390248
110.2,19.117430772271945,300.2955162954536,42.694856104968636
110.4,19.18549393998442,300.22745312774106,42.688275534752066
110.6,19.25367558144783,300.15927148627765,42.68168303144804
110.8,19.321975688085207,300.0909713796403,42.675078593244606
111.0,19.390394251335685,300.0225528163898,42.66846221832256
111.2,19.45893126265445,299.95401580507104,42.66183390485547
111.4,19.527586713512683,299.8853603542128,42.655193651009654
111.6,19.596360595397513,299.81658647232797,42.64854145494423
111.8,19.665252899811946,299.74769416791355,42.641877314811026
112.0,19.73426361827481,299.67868344945066,42.63520122875467
112.2,19.80339274232069,299.6095543254048,42.628513194912514
112.4,19.87264026349989,299.5403068042256,42.6218132114147
112.6,19.942006173378346,299.47094089434717,42.61510127638408
112.8,20.011490463537612,299.4014566041879,42.60837738793629
113.0,20.08109312557476,299.33185394215076,42.6016415441797
113.2,20.150814151102345,299.26213291662316,42.59489374321543
113.4,20.22065353174835,299.19229353597717,42.58813398313735
113.6,20.290611259156126,299.12233580856935,42.58136226203206
113.8,20.360687324984344,299.05225974274117,42.57457857797891
114.0,20.430881720906925,298.98206534681856,42.56778292905
114.2,20.501194438613,298.91175262911247,42.560975313310124
114.4,20.571625469806836,298.84132159791864,42.55415572881686
114.6,20.642174806207816,298.77077226151766,42.54732417362049
114.8,20.712842439550364,298.70010462817515,42.54048064576403
115.0,20.783628361583872,298.62931870614165,42.53362514328322
115.2,20.854532564072688,298.5584145036528,42.52675766420651
115.4,20.92555503879603,298.4873920289295,42.5198782065551
115.6,20.996695777547945,298.41625129017757,42.51298676834289
115.8,21.067954772137277,298.3449922955882,42.5060833475765
116.0,21.139332014387573,298.27361505333795,42.49916794225527
116.2,21.21082749613706,298.2021195715884,42.49224055037123
116.4,21.282441209238588,298.1305058584869,42.485301169909135
116.6,21.354173145559574,298.0587739221659,42.47834979884644
116.8,21.426023296981967,297.98692377074354,42.471386435153306
117.0,21.49799165540217,297.9149554123233,42.46441107679257
117.2,21.570078212731012,297.8428688549945,42.45742372171979
117.4,21.642282960893684,297.7706641068318,42.450424367883215
117.6,21.714605891829702,297.6983411758958,42.44341301322377
117.8,21.787046997492848,297.62590007023266,42.43638965567507
118.0,21.85960626985112,297.5533407978744,42.429354293163414
118.2,21.932283700886693,297.4806633668388,42.42230692360777
118.4,22.00507928259585,297.40786778512967,42.415247544919815
118.6,22.07799300698895,297.33495406073655,42.40817615500386
118.8,22.151024866090395,297.2619222016351,42.4010927517569
119.0,22.224174851938532,297.18877221578697,42.39399733306861
119.2,22.29744295658566,297.11550411113984,42.386889896821295
119.4,22.370829172097938,297.04211789562754,42.379770440889956
119.6,22.44433349055537,296.9686135771701,42.37263896314222
119.8,22.517955904051743,296.89499116367375,42.36549546143838
120.0,22.59169640469458,296.8212506630309,42.35833993363137
120.2,22.665554984605098,296.7473920831204,42.35117237756677
120.4,22.739531635918155,296.67341543180737,42.3439927910828
120.6,22.813626350782204,296.5993207169433,42.33680117201031
120.8,22.88783912135926,296.52510794636623,42.329597518172804
121.0,22.962169939824847,296.45077712790066,42.32238182738639
121.2,23.036618798367932,296.37632826935754,42.31515409745979
121.4,23.11118568919092,296.3017613785346,42.3079143261944
121.6,23.18587060450956,296.22707646321595,42.30066251138417
121.8,23.260673536552957,296.15227353117257,42.2933986508157
122.0,23.335594477563472,296.07735259016204,42.28612274226818
122.2,23.410633419796728,296.00231364792876,42.27883478351341
122.4,23.48579035552151,295.927156712204,42.271534772315796
122.6,23.56106527701976,295.85188179070576,42.26422270643233
122.8,23.636458176586554,295.77648889113897,42.256898583612575
123.0,23.711969046529994,295.7009780211955,42.24956240159872
123.2,23.78759787917121,295.6253491885543,42.24221415812552
123.4,23.86334466684431,295.5496024008812,42.23485385092029
123.6,23.93920940189632,295.47373766582916,42.22748147770292
123.8,24.015192076687192,295.3977549910383,42.22009703618592
124.0,24.09129268358968,295.3216543841358,42.21270052407427
124.2,24.16751121498936,295.24543585273614,42.20529193906559
124.4,24.24384766328458,295.16909940444094,42.197871278850016
124.6,24.320302020886384,295.0926450468391,42.19043854111023
124.8,24.396874280218526,295.01607278750697,42.18299372352148
125.0,24.47356443371737,294.9393826340081,42.17553682375152
125.2,24.55037247383189,294.8625745938936,42.16806783946068
125.4,24.627298393023604,294.7856486747019,42.16058676830179
125.6,24.704342183766546,294.70860488395897,42.153093607920205
125.8,24.781503838547234,294.6314432291783,42.145588355953805
126.0,24.858783349864616,294.5541637178609,42.13807101003298
126.2,24.936180710230012,294.4767663574955,42.13054156778065
126.4,25.01369591216712,294.3992511555584,42.1230000268122
126.6,25.09132894821193,294.3216181195136,42.11544638473554
126.8,25.169079810912724,294.2438672568128,42.10788063915107
127.0,25.24694849283,294.1659985748955,42.100302787651664
127.2,25.324934986536455,294.08801208118905,42.09271282782269
127.4,25.40303928461695,294.00990778310853,42.085110757242
127.6,25.481261379668435,293.9316856880571,42.07749657347989
127.8,25.559601264299975,293.8533458034255,42.06987027409915
128.0,25.63805893113264,293.77488813659284,42.06223185665501
128.2,25.71663437279951,293.696312694926,42.05458131869517
128.4,25.795327581945656,293.61761948577987,42.04691865775977
128.6,25.874138551228008,293.5388085164975,42.03924387138137
128.8,25.953067273315447,293.45987979441,42.03155695708502
129.0,26.032113740888654,293.38083332683686,42.02385791238817
129.2,26.111277946640154,293.30166912108535,42.016146734800685
129.4,26.190559883274236,293.22238718445124,42.00842342182485
129.6,26.269959543506904,293.1429875242186,42.0006879709554
129.8,26.3494769200659,293.0634701476596,41.99294037967943
130.0,26.42911200569058,292.9838350620349,41.98518064547648
130.2,26.508864793131966,292.9040822745935,41.977408765818446
130.4,26.588735275152665,292.82421179257284,41.969624738169635
130.6,26.668723444526805,292.7442236231987,41.96182855998674
130.8,26.748829294040075,292.6641177736854,41.95402022871881
131.0,26.829052816489597,292.5838942512359,41.9461997418073
131.2,26.909394004683975,292.5035530630415,41.93836709668599
131.4,26.989852851443228,292.42309421628227,41.93052229078103
131.6,27.0704293495987,292.34251771812677,41.92266532151094
131.8,27.151123491993133,292.26182357573236,41.914796186286566
132.0,27.23193527148052,292.181011796245,41.9069148825111
132.2,27.312864680926157,292.10008238679933,41.89902140758006
132.4,27.39391171320658,292.0190353545189,41.8911157588813
132.6,27.475076361209485,291.93787070651604,41.88319793379498
132.8,27.556358617833773,291.8565884498917,41.87526792969357
133.0,27.63775847598944,291.7751885917361,41.867325743941876
133.2,27.7192759285976,291.6936711391279,41.85937137389695
133.4,27.800910968590447,291.612036099135,41.851404816908186
133.6,27.882663588911154,291.53028347881434,41.843426070317236
133.8,27.964533782513932,291.4484132852116,41.83543513145804
134.0,28.046521542363926,291.3664255253616,41.827431997656795
134.2,28.128626861437223,291.28432020628827,41.81941666623198
134.4,28.210849732720813,291.2020973350047,41.81138913449431
134.6,28.293190149212514,291.11975691851296,41.803349399746786
134.8,28.37564810392102,291.03729896380446,41.795297459284605
135.0,28.458223589865764,290.9547234778597,41.787233310395244
135.2,28.540916600076986,290.87203046764853,41.77915695035837
135.4,28.623727127595654,290.78921994012984,41.77106837644589
135.6,28.7066551654734,290.7062919022521,41.76296758592193
135.8,28.789700706772564,290.6232463609529,41.75485457604281
136.0,28.872863744566075,290.5400833231594,41.74672934405705
136.2,28.95614427193751,290.456802795788,41.73859188720539
136.4,29.039542281981,290.37340478574447,41.73044220272069
136.6,29.12305776780118,290.2898892999243,41.722280287828056
136.8,29.20669072251325,290.20625634521224,41.71410613974473
137.0,29.290441139242837,290.12250592848267,41.705919755680114
137.2,29.374309011126037,290.03863805659944,41.69772113283576
137.4,29.458294331309364,289.9546527364161,41.68951026840538
137.6,29.542397092949688,289.8705499747758,41.68128715957482
137.8,29.626617289214263,289.78632977851123,41.67305180352206
138.0,29.710954913280624,289.7019921544449,41.6648041974172
138.2,29.795409958336638,289.6175371093889,41.65654433842242
138.4,29.879982417580422,289.53296465014506,41.648272223692075
138.6,29.964672284220285,289.4482747835052,41.63998785037256
138.8,30.0494795514748,289.3634675162507,41.631691215602395
139.0,30.134404212572637,289.27854285515286,41.62338231651217
139.2,30.219446260752665,289.19350080697285,41.61506115022454
139.4,30.30460568926385,289.10834137846166,41.606727713854234
139.6,30.389882491365192,289.0230645763603,41.59838200450805
139.8,30.475276660325825,288.93767040739965,41.590024019284826
140.0,30.56078818942482,288.85215887830066,41.58165375527543
140.2,30.64641707195129,288.7665299957742,41.5732712095628
140.4,30.732163301204316,288.6807837665212,41.56487637922185
140.6,30.81802687049287,288.5949201972326,41.55646926131955
140.8,30.904007773135877,288.5089392945896,41.54804985291484
141.0,30.990106002462102,288.4228410652634,41.539618151058704
141.2,31.07632155181017,288.33662551591533,41.53117415279408
141.4,31.162654414528557,288.25029265319694,41.52271785515591
141.6,31.249104583975466,288.16384248375005,41.514249255171094
141.8,31.33567205351893,288.0772750142066,41.50576834985851
142.0,31.42235681653666,287.99059025118885,41.497275136228986
142.2,31.5091588664161,287.9037882013094,41.488769611285285
142.4,31.5960781965544,287.8168688711711,41.480251772022136
142.6,31.6831148003583,287.7298322673672,41.47172161542617
142.8,31.770268671244224,287.6426783964813,41.46317913847595
143.0,31.857539802638144,287.55540726508735,41.45462433814196
143.2,31.944928187975624,287.4680188797499,41.446057211386574
143.4,32.03243382070178,287.3805132470237,41.437477755164046
143.6,32.12005669427121,287.29289037345427,41.42888596642055
143.8,32.207796802148046,287.20515026557746,41.4202818420941
144.0,32.295654137805826,287.1172929299197,41.4116653791146
144.2,32.383628694727555,287.0293183729979,41.4030365744038
144.4,32.47172046640565,286.94122660131984,41.39439542487529
144.6,32.55992944634187,286.85301762138363,41.38574192743453
144.8,32.64825562804737,286.76469143967813,41.37707607897875
145.0,32.73669900504262,286.6762480626829,41.368397876397054
145.2,32.82525957085736,286.5876874968681,41.35970731657033
145.4,32.91393731903067,286.49900974869485,41.35100439637127
145.6,33.00273224311081,286.4102148246147,41.34228911266436
145.8,33.091644336655314,286.3213027310702,41.333561462305866
146.0,33.180673593230864,286.2322734744946,41.32482144214381
146.2,33.269820006413354,286.14312706131216,41.316069049018
146.4,33.35908356978783,286.05386349793764,41.307304279759975
146.6,33.4484642769484,285.9644827907771,41.29852713119303
146.8,33.53796212149834,285.8749849462272,41.28973760013219
147.0,33.62757709704994,285.78536997067556,41.28093568338418
147.2,33.71730919722456,285.69563787050095,41.272121377747474
147.4,33.80715841565258,285.60578865207293,41.26329468001221
147.6,33.89712474597336,285.5158223217521,41.25445558696025
147.8,33.98720818183525,285.42573888589027,41.24560409536512
148.0,34.07740871689551,285.33553835083,41.23674020199202
148.2,34.16772634482036,285.2452207229051,41.2278639035978
148.4,34.25816105928491,285.15478600844057,41.218975196931
148.6,34.34871285397309,285.0642342137524,41.21007407873174
148.8,34.439381722577764,284.97356534514773,41.201160545731845
149.0,34.53016765880052,284.882779408925,41.192234594654686
149.2,34.62107065635182,284.79187641137366,41.1832962222153
149.4,34.71209070895088,284.7008563587746,41.17434542512028
149.6,34.80322781032563,284.6097192573999,41.165382200067846
149.8,34.89448195421279,284.5184651135127,41.156406543747764
150.0,34.98585313435772,284.42709393336776,41.14741845284138
150.2,35.077341344514494,284.335605723211,41.13841792402161
150.4,35.16894657844585,284.24400048927964,41.1294049539529
150.6,35.2606688299231,284.1522782378024,41.12037953929123
150.8,35.352508092726254,284.0604389749992,41.111341676684106
151.0,35.44446436064382,283.96848270708165,41.10229136277056
151.2,35.53653762747292,283.8764094402526,41.09322859418112
151.4,35.6287278870192,283.7842191807063,41.084153367537795
151.6,35.72103513309682,283.6919119346287,41.07506567945408
151.8,35.813459359528444,283.59948770819705,41.06596552653493
152.0,35.90600056014517,283.5069465075803,41.0568529053768
152.2,35.99865872878659,283.4142883389389,41.04772781256754
152.4,36.0914338593007,283.3215132084248,41.03859024468647
152.6,36.18432594554387,283.2286211221816,41.02944019830431
152.8,36.27733498138091,283.13561208634457,41.020277669983216
153.0,36.37046096068493,283.0424861070406,41.01110265627674
153.2,36.4637038773374,282.9492431903881,41.001915153729804
153.4,36.55706372522812,282.85588334249735,40.99271515887874
153.6,36.65054049825512,282.7624065694704,40.983502668251234
153.8,36.744134190324786,282.6688128774007,40.97427767836631
154.0,36.83784479535166,282.57510227237384,40.96504018573439
154.2,36.931672307258566,282.48127476046693,40.95579018685715
154.4,37.02561671997653,282.38733034774896,40.94652767822766
154.6,37.11967802744472,282.2932690402808,40.93725265633026
154.8,37.21385622361051,282.199090844115,40.92796511764059
155.0,37.30815130242937,282.1047957652961,40.918665058625585
155.2,37.40256325786491,282.01038380986057,40.90935247574347
155.4,37.49709208388886,281.91585498383665,40.90002736544369
155.6,37.59173777448095,281.8212092932446,40.89068972416698
155.8,37.686500323629026,281.72644674409645,40.88133954834528
156.0,37.78137972532894,281.6315673423966,40.87197683440179
156.2,37.87637597358457,281.5365710941409,40.86260157875089
156.4,37.971489062407784,281.4414580053177,40.853213777798175
156.6,38.06671898581839,281.3462280819071,40.84381342794044
156.8,38.16206573784418,281.25088132988134,40.83440052556564
157.0,38.25752931252084,281.15541775520467,40.82497506705291
157.2,38.35310970389197,281.05983736383354,40.815537048772526
157.4,38.44880690600911,280.9641401617164,40.80608646708589
157.6,38.54462091293156,280.8683261547939,40.796623318345574
157.8,38.64055171872659,280.7723953489989,40.78714759889522
158.0,38.73659931746917,280.67634775025635,40.77765930506959
158.2,38.83276370324217,280.58018336448333,40.76815843319453
158.4,38.92904487013622,280.48390219758926,40.75864497958697
158.6,39.02544281224966,280.38750425547585,40.749118940554915
158.8,39.121957523688664,280.29098954403685,40.739580312397386
159.0,39.218588998567064,280.19435806915845,40.73002909140447
159.2,39.31533723100642,280.0976098367191,40.720465273857265
159.4,39.41220221513598,280.0007448525895,40.7108888560279
159.6,39.50918394509264,279.9037631226329,40.70129983417947
159.8,39.60628241502098,279.8066646527045,40.6916982045661
160.0,39.70349761907315,279.7094494486523,40.68208396343284
160.2,39.80082955140895,279.6121175163165,40.67245710701573
160.4,39.898278206195776,279.51466886152974,40.66281763154177
160.6,39.99584357760854,279.417103490117,40.65316553322884
160.8,40.09352565982976,279.31942140789573,40.64350080828578
161.0,40.19132444704942,279.2216226206761,40.633823452912345
161.2,40.28923993346508,279.1237071342604,40.62413346329915
161.4,40.38727211328177,279.02567495444373,40.61443083562771
161.6,40.485420980711964,278.9275260870135,40.604715566070404
161.8,40.58368652997563,278.82926053774986,40.59498765079046
162.0,40.68206875530012,278.7308783124254,40.58524708594193
162.2,40.780567650920275,278.63237941680524,40.57549386766973
162.4,40.87918321107828,278.5337638566472,40.56572799210954
162.6,40.9779154300237,278.4350316377018,40.55594945538787
162.8,41.07676430201348,278.336182765712,40.546158253621996
163.0,41.1757298213119,278.2372172464136,40.53635438291998
163.2,41.274811982190556,278.13813508553494,40.526537839380616
163.4,41.37401077892837,278.0389362887971,40.51670861909347
163.6,41.473326205811524,277.93962086191397,40.506866718138795
163.8,41.57275825713349,277.840188810592,40.4970121325876
164.0,41.67230692719498,277.7406401405305,40.48714485850156
164.2,41.77197221030393,277.64097485742155,40.47726489193306
164.4,41.871754100775526,277.54119296694995,40.46737222892512
164.6,41.971652592932095,277.4412944747934,40.45746686551145
164.8,42.07166768110321,277.3412793866223,40.447548797716394
165.0,42.17179935962553,277.24114770809996,40.43761802155491
165.2,42.27204762284291,277.14089944488256,40.42767453303258
165.4,42.37241246510635,277.0405346026191,40.41771832814557
165.6,42.472893880773874,276.9400531869516,40.407749402880654
165.8,42.573491864210695,276.83945520351483,40.397767753215156
166.0,42.674206409789015,276.7387406579365,40.38777337511694
166.2,42.77503751188814,276.6379095558374,40.377766264544455
166.4,42.87598516489442,276.5369619028311,40.36774641744662
166.6,42.97704936320118,276.43589770452434,40.35771382976289
166.8,43.07823010120881,276.3347169665167,40.347668497423214
167.0,43.179527373324625,276.2334196944009,40.33761041634803
167.2,43.28094117396295,276.13200589376254,40.32753958244821
167.4,43.382471497545076,276.03047557018044,40.317455991625096
167.6,43.484118338499165,275.9288287292263,40.30735963977047
167.8,43.58588169126038,275.8270653764651,40.297250522766504
168.0,43.687761550270714,275.7251855174548,40.2871286364858
168.2,43.78975790997908,275.6231891577464,40.276993976791324
168.4,43.891870764841286,275.52107630288424,40.266846539536445
168.6,43.99410010931992,275.4188469584056,40.25668632056485
168.8,44.09644593788448,275.316501129841,40.24651331571061
169.0,44.198908245011225,275.21403882271426,40.23632752079808
169.2,44.301487025183256,275.11146004254226,40.22612893164195
169.4,44.40418227289045,275.00876479483503,40.215917544047194
169.6,44.506993982629425,274.9059530850961,40.20569335380907
169.8,44.60992214890361,274.8030249188219,40.19545635671309
170.0,44.7129667662231,274.6999803015024,40.185206548535014
170.2,44.81612782910475,274.59681923862075,40.17494392504084
170.4,44.91940533207216,274.49354173565337,40.164668481986766
170.6,45.02279926965553,274.39014779806996,40.154380215119204
170.8,45.12630963639181,274.2866374313337,40.14407912017474
171.0,45.22993642682455,274.18301064090093,40.13376519288012
171.2,45.33367963550398,274.0792674322215,40.12343842895225
171.4,45.437539256986945,273.97540781073855,40.11309882409817
171.6,45.54151528583687,273.87143178188865,40.10274637401501
171.8,45.64560771662384,273.76733935110167,40.09238107439004
172.0,45.74981654392443,273.66313052380104,40.08200292090058
172.2,45.85414176232185,273.55880530540367,40.07161190921405
172.4,45.95858336640584,273.45436370131966,40.06120803498787
172.6,46.06314135077264,273.34980571695286,40.05079129386955
172.8,46.16781571002504,273.2451313577005,40.0403616814966
173.0,46.2726064387723,273.1403406289532,40.02991919349649
173.2,46.377513531630186,273.0354335360953,40.019463825486724
173.4,46.48253698322096,272.93041008450456,40.00899557307475
173.6,46.58767678817327,272.8252702795522,39.99851443185796
173.8,46.692932941122265,272.72001412660325,39.988020397423696
174.0,46.79830543670948,272.614641631016,39.977513465349205
174.2,46.903794269582875,272.5091527981426,39.966993631201625
174.4,47.009399434396826,272.4035476333287,39.956460890537976
174.6,47.11512092581202,272.29782614191345,39.94591523890515
174.8,47.2209587384956,272.1919883292299,39.93535667183989
175.0,47.326912867120974,272.0860342006045,39.92478518486874
175.2,47.432983306367944,271.97996376135757,39.914200773508085
175.4,47.5391700509226,271.8737770168029,39.903603433264074
175.6,47.64547309547735,271.7674739722481,39.89299315963267
175.8,47.7518924347309,271.6610546329946,39.882369948099544
176.0,47.85842806338818,271.5545190043373,39.871733794140155
176.2,47.96507997616046,271.44786709156506,39.86108469321966
176.4,48.07184816776522,271.3410988999603,39.85042264079291
176.6,48.178732632926135,271.23421443479936,39.83974763230446
176.8,48.28573336637318,271.12721370135233,39.82905966318853
177.0,48.39285036284244,271.02009670488303,39.818358728868986
177.2,48.50008361707626,270.91286345064924,39.807644824759336
177.4,48.60743312382315,270.8055139439023,39.79691794626268
177.6,48.71489887783773,270.69804818988774,39.786178088771734
177.8,48.82248087388084,270.59046619384463,39.77542524766878
178.0,48.930179106719386,270.4827679610061,39.76465941832567
178.2,49.037993571126435,270.37495349659906,39.75388059610378
178.4,49.14592426188115,270.26702280584436,39.74308877635401
178.6,49.25397117376876,270.1589758939567,39.73228395441676
178.8,49.362134301580625,270.0508127661449,39.721466125621944
179.0,49.470413640114096,269.9425334276114,39.71063528528891
179.2,49.57880918417262,269.8341378835529,39.699791428726456
179.4,49.68732092856568,269.72562613915983,39.68893455123281
179.6,49.795948868108745,269.6169981996168,39.67806464809563
179.8,49.90469299762335,269.50825407010217,39.66718171459191
180.0,50.01355331193695,269.39939375578854,39.656285745988086
180.2,50.12252980588304,269.29041726184244,39.64537673753988
180.4,50.23162247430107,269.18132459342445,39.63445468449239
180.6,50.34083131203641,269.0721157556891,39.62351958208
180.8,50.45015631394041,268.9627907537851,39.612571425526404
181.0,50.55959747487033,268.8533495928552,39.60161021004455
181.2,50.66915478968932,268.74379227803615,39.59063593083667
181.4,50.7788282532665,268.634118814459,39.5796485830942
181.6,50.888617860476785,268.5243292072487,39.568648161997814
181.8,50.99852360620104,268.41442346152445,39.55763466271737
182.0,51.10854548532592,268.3044015823996,39.5466080804119
182.2,51.21868349274399,268.1942635749815,39.535568410229594
182.4,51.32893762335364,268.0840094443719,39.52451564730777
182.6,51.43930787205902,267.97363919566646,39.51344978677289
182.8,51.54979423377017,267.8631528339553,39.50237082374047
183.0,51.66039670340287,267.75255036432264,39.49127875331513
183.2,51.771115275878685,267.6418317918468,39.480173570590544
183.4,51.881949946125005,267.5309971216005,39.46905527064939
183.6,51.99290070907488,267.4200463586506,39.45792384856342
183.8,52.103967559667204,267.3089795080583,39.446779299393306
184.0,52.21515049284652,267.19779657487896,39.43562161818875
184.2,52.326449503563126,267.08649756416236,39.424450799988385
184.4,52.437864586773046,266.97508248095244,39.41326683981978
184.6,52.54939573743795,266.8635513302876,39.40206973269941
184.8,52.66104295052523,266.7519041172003,39.390859473632645
185.0,52.77280622100789,266.6401408467176,39.37963605761371
185.2,52.884685543864656,266.52826152386086,39.368399479625715
185.4,52.996680914079874,266.4162661536456,39.35714973464056
185.6,53.10879232664348,266.304154741082,39.34588681761897
185.8,53.22101977655108,266.1919272911744,39.334610723510444
186.0,53.33336325880385,266.07958380892165,39.32332144725326
186.2,53.445822768408576,265.96712429931694,39.31201898377443
186.4,53.55839830037764,265.85454876734786,39.30070332798967
186.6,53.67108984972894,265.74185721799654,39.28937447480343
186.8,53.78389741148601,265.6290496562395,39.27803241910882
187.0,53.89682098067784,265.51612608704767,39.266677155787605
187.2,54.009860552339,265.4030865153865,39.25530867971018
187.4,54.1230161215096,265.2899309462159,39.24392698573557
187.6,54.23628768323522,265.1766593844903,39.232532068711365
187.8,54.349675232566945,265.06327183515856,39.221123923473755
188.0,54.463178764561334,264.94976830316415,39.20970254484745
188.2,54.576798274280456,264.83614879344503,39.19826792764571
188.4,54.690533756791815,264.7224133109337,39.186820066670265
188.6,54.80438520716834,264.6085618605572,39.17535895671136
188.8,54.918352620488456,264.49459444723703,39.16388459254765
189.0,55.03243599183593,264.38051107588956,39.152396968946306
189.2,55.146635316300035,264.26631175142546,39.14089608066283
189.4,55.26095058897538,264.1519964787501,39.129381922441155
189.6,55.37538180496199,264.0375652627635,39.11785448901358
189.8,55.48992895936527,263.9230181083602,39.10631377510073
190.0,55.60459204729596,263.80835502042953,39.09475977541158
190.2,55.71937106387019,263.6935760038553,39.083192484643384
190.4,55.83426600420944,263.57868106351606,39.07161189748168
190.6,55.94927686344048,263.463670204285,39.06001800860025
190.8,56.06440363669545,263.34854343103007,39.048410812661125
191.0,56.179646319111754,263.2333007486137,39.036790304314515
191.2,56.295004905832116,263.1179421618934,39.025156478198845
191.4,56.410479392004575,263.00246767572094,39.01350932894067
191.6,56.52606977278238,262.88687729494313,39.001848851154705
191.8,56.64177604332411,262.7711710244014,38.99017503944376
192.0,56.75759819879354,262.655348868932,38.97848788839877
192.2,56.873536234359726,262.53941083336576,38.96678739259866
192.4,56.989590145196956,262.42335692252857,38.95507354661049
192.6,57.10575992648471,262.3071871412408,38.94334634498927
192.8,57.222045573407705,262.1909014943178,38.93160578227804
193.0,57.33844708115582,262.07449998656966,38.919851853007785
193.2,57.45496444492416,261.95798262280135,38.90808455169745
193.4,57.57159765991299,261.8413494078125,38.896303872853906
193.6,57.68834672132771,261.7246003463978,38.8845098109719
193.8,57.80521162437895,261.60773544334654,38.87270236053407
194.0,57.92219236428238,261.49075470344314,38.860881516010906
194.2,58.03928893625889,261.3736581314666,38.8490472718607
194.4,58.15650133553447,261.256445732191,38.83719962252957
194.6,58.27382955734017,261.13911751038535,38.82533856245138
194.8,58.391273596912214,261.0216734708133,38.81346408604776
195.0,58.50883344949184,260.9041136182337,38.80157618772807
195.2,58.62650911032543,260.78643795740004,38.78967486188934
195.4,58.744300574664415,260.6686464930611,38.77776010291632
195.6,58.86220783776524,260.55073922996024,38.76583190518135
195.8,58.98023089488949,260.432716172836,38.75389026304446
196.0,59.09836974130366,260.31457732642184,38.74193517085323
196.2,59.216624372279384,260.1963226954461,38.72996662294283
196.4,59.33499478309327,260.0779522846322,38.71798461363597
196.6,59.453480969026906,259.9594660986986,38.70598913724289
196.8,59.572082925366914,259.84086414235856,38.69398018806131
197.0,59.69080064740485,259.72214642032066,38.681957760376456
197.2,59.809634130437296,259.6033129372882,38.66992184846095
197.4,59.9285833697658,259.4843636979597,38.65787244657487
197.6,60.047648360696805,259.36529870702867,38.645809548965666
197.8,60.166829098541754,259.24611796918373,38.63373314986816
198.0,60.28612557861698,259.1268214891085,38.621643243504515
198.2,60.40553779624378,259.0074092714817,38.6095398240842
198.4,60.52506574674834,258.88788132097716,38.59742288580397
198.6,60.644709425461734,258.7682376422638,38.58529242284786
198.8,60.76446882771997,258.64847824000555,38.5731484293871
199.0,60.884343948863894,258.5286031188616,38.560990899580176
199.2,61.00433478423924,258.40861228348626,38.54881982757271
199.4,61.12444132919665,258.28850573852884,38.5366352074975
199.6,61.24466357909152,258.16828348863396,38.52443703347444
199.8,61.36500152928419,258.0479455384413,38.512225299610584
200.0,61.485455175139755,257.92749189258575,38.49999999999999
